日付,曜,中央区①,中央区②,中央区③,中央区④,中央区⑤,中央区⑥,豊平区①,豊平区②,豊平区③,豊平区④,清田区①,清田区②,北区①,北区②,北区③,北区④,北区⑤,北区⑥,東区①,東区②,東区③,東区④,東区⑤,東区⑥,白石区①,白石区②,白石区③,白石区④,厚別区①,厚別区②,厚別区③,厚別区④,南区①,南区②,南区③,南区④,南区⑤,南区⑥,南区⑦,西区①,西区②,西区③,西区④,手稲区①,手稲区②,手稲区③
2021-10-01,金,9,8,10,1,1,1,1,1,1,9,8,10,8,9,10,1,1,1,8,9,10,1,1,1,1,1,1,9,2,8,9,8,11,8,9,1,1,1,1,11,8,9,1,1,1,1
2021-10-02,土,,,,,,,,,,,,,,,,,,,,,,,,,,,,,,,,,,,,,,,,,,,,,,
2021-10-03,日,,,,,,,,,,,,,,,,,,,,,,,,,,,,,,,,,,,,,,,,,,,,,,
2021-10-04,月,1,1,1,11,9,8,11,8,9,1,1,1,1,1,1,2,8,9,1,1,1,2,8,9,9,10,8,1,1,1,1,1,1,1,1,10,9,9,8,1,1,1,9,8,10,8
2021-10-05,火,8,11,9,1,1,1,1,1,1,11,9,8,9,2,8,1,1,1,2,8,9,1,1,1,1,1,1,8,9,9,8,10,9,10,8,1,1,1,1,9,10,8,1,1,1,1
2021-10-06,水,11,9,8,9,8,11,9,11,8,8,11,9,2,8,9,9,2,8,9,2,8,9,2,8,10,8,9,10,8,10,10,9,8,9,10,8,8,10,9,8,9,10,10,9,8,10
2021-10-07,木,1,1,1,8,11,9,8,9,11,1,1,1,1,1,1,8,9,2,1,1,1,8,9,2,8,9,10,1,1,1,1,1,1,1,1,9,10,8,10,1,1,1,8,10,9,9
2021-10-08,金,9,8,11,1,1,1,1,1,1,9,8,11,8,9,2,1,1,1,8,9,2,1,1,1,1,1,1,9,10,8,9,8,10,8,9,1,1,1,1,10,8,9,1,1,1,1
2021-10-09,土,,,,,,,,,,,,,,,,,,,,,,,,,,,,,,,,,,,,,,,,,,,,,,
2021-10-10,日,,,,,,,,,,,,,,,,,,,,,,,,,,,,,,,,,,,,,,,,,,,,,,
2021-10-11,月,1,1,1,10,9,8,10,8,9,1,1,1,1,1,1,10,8,9,1,1,1,10,8,9,9,11,8,1,1,1,1,1,1,1,1,2,9,9,8,1,1,1,9,8,2,8
2021-10-12,火,8,10,9,1,1,1,1,1,1,10,9,8,9,10,8,1,1,1,10,8,9,1,1,1,1,1,1,8,9,9,8,11,9,2,8,1,1,1,1,9,2,8,1,1,1,1
2021-10-13,水,10,9,8,9,8,10,9,10,8,8,10,9,10,8,9,9,10,8,9,10,8,9,10,8,11,8,9,11,8,11,11,9,8,9,2,8,8,2,9,8,9,2,2,9,8,2
2021-10-14,木,1,1,1,8,10,9,8,9,10,1,1,1,1,1,1,8,9,10,1,1,1,8,9,10,8,9,11,1,1,1,1,1,1,1,1,9,2,8,2,1,1,1,8,2,9,9
2021-10-15,金,9,8,10,1,1,1,1,1,1,9,8,10,8,9,10,1,1,1,8,9,10,1,1,1,1,1,1,9,11,8,9,8,2,8,9,1,1,1,1,2,8,9,1,1,1,1
2021-10-16,土,,,,,,,,,,,,,,,,,,,,,,,,,,,,,,,,,,,,,,,,,,,,,,
2021-10-17,日,,,,,,,,,,,,,,,,,,,,,,,,,,,,,,,,,,,,,,,,,,,,,,
2021-10-18,月,1,1,1,2,9,8,2,8,9,1,1,1,1,1,1,11,8,9,1,1,1,11,8,9,9,10,8,1,1,1,1,1,1,1,1,10,9,9,8,1,1,1,9,8,10,8
2021-10-19,火,8,2,9,1,1,1,1,1,1,2,9,8,9,11,8,1,1,1,11,8,9,1,1,1,1,1,1,8,9,9,8,10,9,10,8,1,1,1,1,9,10,8,1,1,1,1
2021-10-20,水,2,9,8,9,8,2,9,2,8,8,2,9,11,8,9,9,11,8,9,11,8,9,11,8,10,8,9,10,8,10,10,9,8,9,10,8,8,10,9,8,9,10,10,9,8,10
2021-10-21,木,1,1,1,8,2,9,8,9,2,1,1,1,1,1,1,8,9,11,1,1,1,8,9,11,8,9,10,1,1,1,1,1,1,1,1,9,10,8,10,1,1,1,8,10,9,9
2021-10-22,金,9,8,2,1,1,1,1,1,1,9,8,2,8,9,11,1,1,1,8,9,11,1,1,1,1,1,1,9,10,8,9,8,10,8,9,1,1,1,1,10,8,9,1,1,1,1
2021-10-23,土,,,,,,,,,,,,,,,,,,,,,,,,,,,,,,,,,,,,,,,,,,,,,,
2021-10-24,日,,,,,,,,,,,,,,,,,,,,,,,,,,,,,,,,,,,,,,,,,,,,,,
2021-10-25,月,1,1,1,10,9,8,10,8,9,1,1,1,1,1,1,10,8,9,1,1,1,10,8,9,9,2,8,1,1,1,1,1,1,1,1,11,9,9,8,1,1,1,9,8,11,8
2021-10-26,火,8,10,9,1,1,1,1,1,1,10,9,8,9,10,8,1,1,1,10,8,9,1,1,1,1,1,1,8,9,9,8,2,9,11,8,1,1,1,1,9,11,8,1,1,1,1
2021-10-27,水,10,9,8,9,8,10,9,10,8,8,10,9,10,8,9,9,10,8,9,10,8,9,10,8,2,8,9,2,8,2,2,9,8,9,11,8,8,11,9,8,9,11,11,9,8,11
2021-10-28,木,1,1,1,8,10,9,8,9,10,1,1,1,1,1,1,8,9,10,1,1,1,8,9,10,8,9,2,1,1,1,1,1,1,1,1,9,11,8,11,1,1,1,8,11,9,9
2021-10-29,金,9,8,10,1,1,1,1,1,1,9,8,10,8,9,10,1,1,1,8,9,10,1,1,1,1,1,1,9,2,8,9,8,11,8,9,1,1,1,1,11,8,9,1,1,1,1
2021-10-30,土,,,,,,,,,,,,,,,,,,,,,,,,,,,,,,,,,,,,,,,,,,,,,,
2021-10-31,日,,,,,,,,,,,,,,,,,,,,,,,,,,,,,,,,,,,,,,,,,,,,,,
2021-11-01,月,1,1,1,11,9,8,11,8,9,1,1,1,1,1,1,2,8,9,1,1,1,2,8,9,9,10,8,1,1,1,1,1,1,1,1,10,9,9,8,1,1,1,9,8,10,8
2021-11-02,火,8,11,9,1,1,1,1,1,1,11,9,8,9,2,8,1,1,1,2,8,9,1,1,1,1,1,1,8,9,9,8,10,9,10,8,1,1,1,1,9,10,8,1,1,1,1
2021-11-03,水,11,9,8,9,8,11,9,11,8,8,11,9,2,8,9,9,2,8,9,2,8,9,2,8,10,8,9,10,8,10,10,9,8,9,10,8,8,10,9,8,9,10,10,9,8,10
2021-11-04,木,1,1,1,8,11,9,8,9,11,1,1,1,1,1,1,8,9,2,1,1,1,8,9,2,8,9,10,1,1,1,1,1,1,1,1,9,10,8,10,1,1,1,8,10,9,9
2021-11-05,金,9,8,11,1,1,1,1,1,1,9,8,11,8,9,2,1,1,1,8,9,2,1,1,1,1,1,1,9,10,8,9,8,10,8,9,1,1,1,1,10,8,9,1,1,1,1
2021-11-06,土,,,,,,,,,,,,,,,,,,,,,,,,,,,,,,,,,,,,,,,,,,,,,,
2021-11-07,日,,,,,,,,,,,,,,,,,,,,,,,,,,,,,,,,,,,,,,,,,,,,,,
2021-11-08,月,1,1,1,10,9,8,10,8,9,1,1,1,1,1,1,10,8,9,1,1,1,10,8,9,9,11,8,1,1,1,1,1,1,1,1,2,9,9,8,1,1,1,9,8,2,8
2021-11-09,火,8,10,9,1,1,1,1,1,1,10,9,8,9,10,8,1,1,1,10,8,9,1,1,1,1,1,1,8,9,9,8,11,9,2,8,1,1,1,1,9,2,8,1,1,1,1
2021-11-10,水,10,9,8,9,8,10,9,10,8,8,10,9,10,8,9,9,10,8,9,10,8,9,10,8,11,8,9,11,8,11,11,9,8,9,2,8,8,2,9,8,9,2,2,9,8,2
2021-11-11,木,1,1,1,8,10,9,8,9,10,1,1,1,1,1,1,8,9,10,1,1,1,8,9,10,8,9,11,1,1,1,1,1,1,1,1,9,2,8,2,1,1,1,8,2,9,9
2021-11-12,金,9,8,10,1,1,1,1,1,1,9,8,10,8,9,10,1,1,1,8,9,10,1,1,1,1,1,1,9,11,8,9,8,2,8,9,1,1,1,1,2,8,9,1,1,1,1
2021-11-13,土,,,,,,,,,,,,,,,,,,,,,,,,,,,,,,,,,,,,,,,,,,,,,,
2021-11-14,日,,,,,,,,,,,,,,,,,,,,,,,,,,,,,,,,,,,,,,,,,,,,,,
2021-11-15,月,1,1,1,2,9,8,2,8,9,1,1,1,1,1,1,11,8,9,1,1,1,11,8,9,9,10,8,1,1,1,1,1,1,1,1,10,9,9,8,1,1,1,9,8,10,8
2021-11-16,火,8,2,9,1,1,1,1,1,1,2,9,8,9,11,8,1,1,1,11,8,9,1,1,1,1,1,1,8,9,9,8,10,9,10,8,1,1,1,1,9,10,8,1,1,1,1
2021-11-17,水,2,9,8,9,8,2,9,2,8,8,2,9,11,8,9,9,11,8,9,11,8,9,11,8,10,8,9,10,8,10,10,9,8,9,10,8,8,10,9,8,9,10,10,9,8,10
2021-11-18,木,1,1,1,8,2,9,8,9,2,1,1,1,1,1,1,8,9,11,1,1,1,8,9,11,8,9,10,1,1,1,1,1,1,1,1,9,10,8,10,1,1,1,8,10,9,9
2021-11-19,金,9,8,2,1,1,1,1,1,1,9,8,2,8,9,11,1,1,1,8,9,11,1,1,1,1,1,1,9,10,8,9,8,10,8,9,1,1,1,1,10,8,9,1,1,1,1
2021-11-20,土,,,,,,,,,,,,,,,,,,,,,,,,,,,,,,,,,,,,,,,,,,,,,,
2021-11-21,日,,,,,,,,,,,,,,,,,,,,,,,,,,,,,,,,,,,,,,,,,,,,,,
2021-11-22,月,1,1,1,10,9,8,10,8,9,1,1,1,1,1,1,10,8,9,1,1,1,10,8,9,9,2,8,1,1,1,1,1,1,1,1,11,9,9,8,1,1,1,9,8,11,8
2021-11-23,火,8,10,9,1,1,1,1,1,1,10,9,8,9,10,8,1,1,1,10,8,9,1,1,1,1,1,1,8,9,9,8,2,9,11,8,1,1,1,1,9,11,8,1,1,1,1
2021-11-24,水,10,9,8,9,8,10,9,10,8,8,10,9,10,8,9,9,10,8,9,10,8,9,10,8,2,8,9,2,8,2,2,9,8,9,11,8,8,11,9,8,9,11,11,9,8,11
2021-11-25,木,1,1,1,8,10,9,8,9,10,1,1,1,1,1,1,8,9,10,1,1,1,8,9,10,8,9,2,1,1,1,1,1,1,1,1,9,11,8,11,1,1,1,8,11,9,9
2021-11-26,金,9,8,10,1,1,1,1,1,1,9,8,10,8,9,10,1,1,1,8,9,10,1,1,1,1,1,1,9,2,8,9,8,11,8,9,1,1,1,1,11,8,9,1,1,1,1
2021-11-27,土,,,,,,,,,,,,,,,,,,,,,,,,,,,,,,,,,,,,,,,,,,,,,,
2021-11-28,日,,,,,,,,,,,,,,,,,,,,,,,,,,,,,,,,,,,,,,,,,,,,,,
2021-11-29,月,1,1,1,11,9,8,11,8,9,1,1,1,1,1,1,2,8,9,1,1,1,2,8,9,9,10,8,1,1,1,1,1,1,1,1,10,9,9,8,1,1,1,9,8,10,8
2021-11-30,火,8,11,9,1,1,1,1,1,1,11,9,8,9,2,8,1,1,1,2,8,9,1,1,1,1,1,1,8,9,9,8,10,9,10,8,1,1,1,1,9,10,8,1,1,1,1
2021-12-01,水,11,9,8,9,8,11,9,11,8,8,11,9,2,8,9,9,2,8,9,2,8,9,2,8,10,8,9,10,8,10,10,9,8,9,10,8,8,10,9,8,9,10,10,9,8,10
2021-12-02,木,1,1,1,8,11,9,8,9,11,1,1,1,1,1,1,8,9,2,1,1,1,8,9,2,8,9,10,1,1,1,1,1,1,1,1,9,10,8,10,1,1,1,8,10,9,9
2021-12-03,金,9,8,11,1,1,1,1,1,1,9,8,11,8,9,2,1,1,1,8,9,2,1,1,1,1,1,1,9,10,8,9,8,10,8,9,1,1,1,1,10,8,9,1,1,1,1
2021-12-04,土,,,,,,,,,,,,,,,,,,,,,,,,,,,,,,,,,,,,,,,,,,,,,,
2021-12-05,日,,,,,,,,,,,,,,,,,,,,,,,,,,,,,,,,,,,,,,,,,,,,,,
2021-12-06,月,1,1,1,10,9,8,10,8,9,1,1,1,1,1,1,10,8,9,1,1,1,10,8,9,9,11,8,1,1,1,1,1,1,1,1,2,9,9,8,1,1,1,9,8,2,8
2021-12-07,火,8,10,9,1,1,1,1,1,1,10,9,8,9,10,8,1,1,1,10,8,9,1,1,1,1,1,1,8,9,9,8,11,9,2,8,1,1,1,1,9,2,8,1,1,1,1
2021-12-08,水,10,9,8,9,8,10,9,10,8,8,10,9,10,8,9,9,10,8,9,10,8,9,10,8,11,8,9,11,8,11,11,9,8,9,2,8,8,2,9,8,9,2,2,9,8,2
2021-12-09,木,1,1,1,8,10,9,8,9,10,1,1,1,1,1,1,8,9,10,1,1,1,8,9,10,8,9,11,1,1,1,1,1,1,1,1,9,2,8,2,1,1,1,8,2,9,9
2021-12-10,金,9,8,10,1,1,1,1,1,1,9,8,10,8,9,10,1,1,1,8,9,10,1,1,1,1,1,1,9,11,8,9,8,2,8,9,1,1,1,1,2,8,9,1,1,1,1
2021-12-11,土,,,,,,,,,,,,,,,,,,,,,,,,,,,,,,,,,,,,,,,,,,,,,,
2021-12-12,日,,,,,,,,,,,,,,,,,,,,,,,,,,,,,,,,,,,,,,,,,,,,,,
2021-12-13,月,1,1,1,2,9,8,2,8,9,1,1,1,1,1,1,0,8,9,1,1,1,0,8,9,9,10,8,1,1,1,1,1,1,1,1,10,9,9,8,1,1,1,9,8,10,8
2021-12-14,火,8,2,9,1,1,1,1,1,1,2,9,8,9,0,8,1,1,1,0,8,9,1,1,1,1,1,1,8,9,9,8,10,9,10,8,1,1,1,1,9,10,8,1,1,1,1
2021-12-15,水,2,9,8,9,8,2,9,2,8,8,2,9,0,8,9,9,0,8,9,0,8,9,0,8,10,8,9,10,8,10,10,9,8,9,10,8,8,10,9,8,9,10,10,9,8,10
2021-12-16,木,1,1,1,8,2,9,8,9,2,1,1,1,1,1,1,8,9,0,1,1,1,8,9,0,8,9,10,1,1,1,1,1,1,1,1,9,10,8,10,1,1,1,8,10,9,9
2021-12-17,金,9,8,2,1,1,1,1,1,1,9,8,2,8,9,0,1,1,1,8,9,0,1,1,1,1,1,1,9,10,8,9,8,10,8,9,1,1,1,1,10,8,9,1,1,1,1
2021-12-18,土,,,,,,,,,,,,,,,,,,,,,,,,,,,,,,,,,,,,,,,,,,,,,,
2021-12-19,日,,,,,,,,,,,,,,,,,,,,,,,,,,,,,,,,,,,,,,,,,,,,,,
2021-12-20,月,1,1,1,10,9,8,10,8,9,1,1,1,1,1,1,10,8,9,1,1,1,10,8,9,9,2,8,1,1,1,1,1,1,1,1,0,9,9,8,1,1,1,9,8,0,8
2021-12-21,火,8,10,9,1,1,1,1,1,1,10,9,8,9,10,8,1,1,1,10,8,9,1,1,1,1,1,1,8,9,9,8,2,9,0,8,1,1,1,1,9,0,8,1,1,1,1
2021-12-22,水,10,9,8,9,8,10,9,10,8,8,10,9,10,8,9,9,10,8,9,10,8,9,10,8,2,8,9,2,8,2,2,9,8,9,0,8,8,0,9,8,9,0,0,9,8,0
2021-12-23,木,1,1,1,8,10,9,8,9,10,1,1,1,1,1,1,8,9,10,1,1,1,8,9,10,8,9,2,1,1,1,1,1,1,1,1,9,0,8,0,1,1,1,8,0,9,9
2021-12-24,金,9,8,10,1,1,1,1,1,1,9,8,10,8,9,10,1,1,1,8,9,10,1,1,1,1,1,1,9,2,8,9,8,0,8,9,1,1,1,1,0,8,9,1,1,1,1
2021-12-25,土,,,,,,,,,,,,,,,,,,,,,,,,,,,,,,,,,,,,,,,,,,,,,,
2021-12-26,日,,,,,,,,,,,,,,,,,,,,,,,,,,,,,,,,,,,,,,,,,,,,,,
2021-12-27,月,1,1,1,0,9,8,0,8,9,1,1,1,1,1,1,2,8,9,1,1,1,2,8,9,9,10,8,1,1,1,1,1,1,1,1,10,9,9,8,1,1,1,9,8,10,8
2021-12-28,火,8,0,9,1,1,1,1,1,1,0,9,8,9,2,8,1,1,1,2,8,9,1,1,1,1,1,1,8,9,9,8,10,9,10,8,1,1,1,1,9,10,8,1,1,1,1
2021-12-29,水,0,9,8,9,8,0,9,0,8,8,0,9,2,8,9,9,2,8,9,2,8,9,2,8,10,8,9,10,8,10,10,9,8,9,10,8,8,10,9,8,9,10,10,9,8,10
2021-12-30,木,1,1,1,8,0,9,8,9,0,1,1,1,1,1,1,8,9,2,1,1,1,8,9,2,8,9,10,1,1,1,1,1,1,1,1,9,10,8,10,1,1,1,8,10,9,9
2021-12-31,金,,,,,,,,,,,,,,,,,,,,,,,,,,,,,,,,,,,,,,,,,,,,,,
2022-01-01,土,,,,,,,,,,,,,,,,,,,,,,,,,,,,,,,,,,,,,,,,,,,,,,
2022-01-02,日,,,,,,,,,,,,,,,,,,,,,,,,,,,,,,,,,,,,,,,,,,,,,,
2022-01-03,月,,,,,,,,,,,,,,,,,,,,,,,,,,,,,,,,,,,,,,,,,,,,,,
2022-01-04,火,8,0,9,1,1,1,1,1,1,0,9,8,9,,8,1,1,1,,8,9,1,1,1,1,1,1,8,9,9,8,,9,,8,1,1,1,1,9,,8,1,1,1,1
2022-01-05,水,0,9,8,9,8,0,9,0,8,8,0,9,,8,9,9,,8,9,,8,9,,8,,8,9,,8,,,9,8,9,,8,8,,9,8,9,,,9,8,
2022-01-06,木,1,1,1,8,0,9,8,9,0,1,1,1,1,1,1,8,9,,1,1,1,8,9,,8,9,,1,1,1,1,1,1,1,1,9,,8,,1,1,1,8,,9,9
2022-01-07,金,9,8,0,1,1,1,1,1,1,9,8,0,8,9,2,1,1,1,8,9,2,1,1,1,1,1,1,9,10,8,9,8,10,8,9,1,1,1,1,10,8,9,1,1,1,1
2022-01-08,土,,,,,,,,,,,,,,,,,,,,,,,,,,,,,,,,,,,,,,,,,,,,,,
2022-01-09,日,,,,,,,,,,,,,,,,,,,,,,,,,,,,,,,,,,,,,,,,,,,,,,
2022-01-10,月,1,1,1,10,9,8,10,8,9,1,1,1,1,1,1,10,8,9,1,1,1,10,8,9,9,0,8,1,1,1,1,1,1,1,1,2,9,9,8,1,1,1,9,8,2,8
2022-01-11,火,8,10,9,1,1,1,1,1,1,10,9,8,9,10,8,1,1,1,10,8,9,1,1,1,1,1,1,8,9,9,8,0,9,2,8,1,1,1,1,9,2,8,1,1,1,1
2022-01-12,水,10,9,8,9,8,10,9,10,8,8,10,9,10,8,9,9,10,8,9,10,8,9,10,8,0,8,9,0,8,0,0,9,8,9,2,8,8,2,9,8,9,2,2,9,8,2
2022-01-13,木,1,1,1,8,10,9,8,9,10,1,1,1,1,1,1,8,9,10,1,1,1,8,9,10,8,9,0,1,1,1,1,1,1,1,1,9,2,8,2,1,1,1,8,2,9,9
2022-01-14,金,9,8,10,1,1,1,1,1,1,9,8,10,8,9,10,1,1,1,8,9,10,1,1,1,1,1,1,9,0,8,9,8,2,8,9,1,1,1,1,2,8,9,1,1,1,1
2022-01-15,土,,,,,,,,,,,,,,,,,,,,,,,,,,,,,,,,,,,,,,,,,,,,,,
2022-01-16,日,,,,,,,,,,,,,,,,,,,,,,,,,,,,,,,,,,,,,,,,,,,,,,
2022-01-17,月,1,1,1,2,9,8,2,8,9,1,1,1,1,1,1,0,8,9,1,1,1,0,8,9,9,10,8,1,1,1,1,1,1,1,1,10,9,9,8,1,1,1,9,8,10,8
2022-01-18,火,8,2,9,1,1,1,1,1,1,2,9,8,9,0,8,1,1,1,0,8,9,1,1,1,1,1,1,8,9,9,8,10,9,10,8,1,1,1,1,9,10,8,1,1,1,1
2022-01-19,水,2,9,8,9,8,2,9,2,8,8,2,9,0,8,9,9,0,8,9,0,8,9,0,8,10,8,9,10,8,10,10,9,8,9,10,8,8,10,9,8,9,10,10,9,8,10
2022-01-20,木,1,1,1,8,2,9,8,9,2,1,1,1,1,1,1,8,9,0,1,1,1,8,9,0,8,9,10,1,1,1,1,1,1,1,1,9,10,8,10,1,1,1,8,10,9,9
2022-01-21,金,9,8,2,1,1,1,1,1,1,9,8,2,8,9,0,1,1,1,8,9,0,1,1,1,1,1,1,9,10,8,9,8,10,8,9,1,1,1,1,10,8,9,1,1,1,1
2022-01-22,土,,,,,,,,,,,,,,,,,,,,,,,,,,,,,,,,,,,,,,,,,,,,,,
2022-01-23,日,,,,,,,,,,,,,,,,,,,,,,,,,,,,,,,,,,,,,,,,,,,,,,
2022-01-24,月,1,1,1,10,9,8,10,8,9,1,1,1,1,1,1,10,8,9,1,1,1,10,8,9,9,2,8,1,1,1,1,1,1,1,1,0,9,9,8,1,1,1,9,8,0,8
2022-01-25,火,8,10,9,1,1,1,1,1,1,10,9,8,9,10,8,1,1,1,10,8,9,1,1,1,1,1,1,8,9,9,8,2,9,0,8,1,1,1,1,9,0,8,1,1,1,1
2022-01-26,水,10,9,8,9,8,10,9,10,8,8,10,9,10,8,9,9,10,8,9,10,8,9,10,8,2,8,9,2,8,2,2,9,8,9,0,8,8,0,9,8,9,0,0,9,8,0
2022-01-27,木,1,1,1,8,10,9,8,9,10,1,1,1,1,1,1,8,9,10,1,1,1,8,9,10,8,9,2,1,1,1,1,1,1,1,1,9,0,8,0,1,1,1,8,0,9,9
2022-01-28,金,9,8,10,1,1,1,1,1,1,9,8,10,8,9,10,1,1,1,8,9,10,1,1,1,1,1,1,9,2,8,9,8,0,8,9,1,1,1,1,0,8,9,1,1,1,1
2022-01-29,土,,,,,,,,,,,,,,,,,,,,,,,,,,,,,,,,,,,,,,,,,,,,,,
2022-01-30,日,,,,,,,,,,,,,,,,,,,,,,,,,,,,,,,,,,,,,,,,,,,,,,
2022-01-31,月,1,1,1,0,9,8,0,8,9,1,1,1,1,1,1,2,8,9,1,1,1,2,8,9,9,10,8,1,1,1,1,1,1,1,1,10,9,9,8,1,1,1,9,8,10,8
2022-02-01,火,8,0,9,1,1,1,1,1,1,0,9,8,9,2,8,1,1,1,2,8,9,1,1,1,1,1,1,8,9,9,8,10,9,10,8,1,1,1,1,9,10,8,1,1,1,1
2022-02-02,水,0,9,8,9,8,0,9,0,8,8,0,9,2,8,9,9,2,8,9,2,8,9,2,8,10,8,9,10,8,10,10,9,8,9,10,8,8,10,9,8,9,10,10,9,8,10
2022-02-03,木,1,1,1,8,0,9,8,9,0,1,1,1,1,1,1,8,9,2,1,1,1,8,9,2,8,9,10,1,1,1,1,1,1,1,1,9,10,8,10,1,1,1,8,10,9,9
2022-02-04,金,9,8,0,1,1,1,1,1,1,9,8,0,8,9,2,1,1,1,8,9,2,1,1,1,1,1,1,9,10,8,9,8,10,8,9,1,1,1,1,10,8,9,1,1,1,1
2022-02-05,土,,,,,,,,,,,,,,,,,,,,,,,,,,,,,,,,,,,,,,,,,,,,,,
2022-02-06,日,,,,,,,,,,,,,,,,,,,,,,,,,,,,,,,,,,,,,,,,,,,,,,
2022-02-07,月,1,1,1,10,9,8,10,8,9,1,1,1,1,1,1,10,8,9,1,1,1,10,8,9,9,0,8,1,1,1,1,1,1,1,1,2,9,9,8,1,1,1,9,8,2,8
2022-02-08,火,8,10,9,1,1,1,1,1,1,10,9,8,9,10,8,1,1,1,10,8,9,1,1,1,1,1,1,8,9,9,8,0,9,2,8,1,1,1,1,9,2,8,1,1,1,1
2022-02-09,水,10,9,8,9,8,10,9,10,8,8,10,9,10,8,9,9,10,8,9,10,8,9,10,8,0,8,9,0,8,0,0,9,8,9,2,8,8,2,9,8,9,2,2,9,8,2
2022-02-10,木,1,1,1,8,10,9,8,9,10,1,1,1,1,1,1,8,9,10,1,1,1,8,9,10,8,9,0,1,1,1,1,1,1,1,1,9,2,8,2,1,1,1,8,2,9,9
2022-02-11,金,9,8,10,1,1,1,1,1,1,9,8,10,8,9,10,1,1,1,8,9,10,1,1,1,1,1,1,9,0,8,9,8,2,8,9,1,1,1,1,2,8,9,1,1,1,1
2022-02-12,土,,,,,,,,,,,,,,,,,,,,,,,,,,,,,,,,,,,,,,,,,,,,,,
2022-02-13,日,,,,,,,,,,,,,,,,,,,,,,,,,,,,,,,,,,,,,,,,,,,,,,
2022-02-14,月,1,1,1,2,9,8,2,8,9,1,1,1,1,1,1,0,8,9,1,1,1,0,8,9,9,10,8,1,1,1,1,1,1,1,1,10,9,9,8,1,1,1,9,8,10,8
2022-02-15,火,8,2,9,1,1,1,1,1,1,2,9,8,9,0,8,1,1,1,0,8,9,1,1,1,1,1,1,8,9,9,8,10,9,10,8,1,1,1,1,9,10,8,1,1,1,1
2022-02-16,水,2,9,8,9,8,2,9,2,8,8,2,9,0,8,9,9,0,8,9,0,8,9,0,8,10,8,9,10,8,10,10,9,8,9,10,8,8,10,9,8,9,10,10,9,8,10
2022-02-17,木,1,1,1,8,2,9,8,9,2,1,1,1,1,1,1,8,9,0,1,1,1,8,9,0,8,9,10,1,1,1,1,1,1,1,1,9,10,8,10,1,1,1,8,10,9,9
2022-02-18,金,9,8,2,1,1,1,1,1,1,9,8,2,8,9,0,1,1,1,8,9,0,1,1,1,1,1,1,9,10,8,9,8,10,8,9,1,1,1,1,10,8,9,1,1,1,1
2022-02-19,土,,,,,,,,,,,,,,,,,,,,,,,,,,,,,,,,,,,,,,,,,,,,,,
2022-02-20,日,,,,,,,,,,,,,,,,,,,,,,,,,,,,,,,,,,,,,,,,,,,,,,
2022-02-21,月,1,1,1,10,9,8,10,8,9,1,1,1,1,1,1,10,8,9,1,1,1,10,8,9,9,2,8,1,1,1,1,1,1,1,1,0,9,9,8,1,1,1,9,8,0,8
2022-02-22,火,8,10,9,1,1,1,1,1,1,10,9,8,9,10,8,1,1,1,10,8,9,1,1,1,1,1,1,8,9,9,8,2,9,0,8,1,1,1,1,9,0,8,1,1,1,1
2022-02-23,水,10,9,8,9,8,10,9,10,8,8,10,9,10,8,9,9,10,8,9,10,8,9,10,8,2,8,9,2,8,2,2,9,8,9,0,8,8,0,9,8,9,0,0,9,8,0
2022-02-24,木,1,1,1,8,10,9,8,9,10,1,1,1,1,1,1,8,9,10,1,1,1,8,9,10,8,9,2,1,1,1,1,1,1,1,1,9,0,8,0,1,1,1,8,0,9,9
2022-02-25,金,9,8,10,1,1,1,1,1,1,9,8,10,8,9,10,1,1,1,8,9,10,1,1,1,1,1,1,9,2,8,9,8,0,8,9,1,1,1,1,0,8,9,1,1,1,1
2022-02-26,土,,,,,,,,,,,,,,,,,,,,,,,,,,,,,,,,,,,,,,,,,,,,,,
2022-02-27,日,,,,,,,,,,,,,,,,,,,,,,,,,,,,,,,,,,,,,,,,,,,,,,
2022-02-28,月,1,1,1,0,9,8,0,8,9,1,1,1,1,1,1,2,8,9,1,1,1,2,8,9,9,10,8,1,1,1,1,1,1,1,1,10,9,9,8,1,1,1,9,8,10,8
2022-03-01,火,8,0,9,1,1,1,1,1,1,0,9,8,9,2,8,1,1,1,2,8,9,1,1,1,1,1,1,8,9,9,8,10,9,10,8,1,1,1,1,9,10,8,1,1,1,1
2022-03-02,水,0,9,8,9,8,0,9,0,8,8,0,9,2,8,9,9,2,8,9,2,8,9,2,8,10,8,9,10,8,10,10,9,8,9,10,8,8,10,9,8,9,10,10,9,8,10
2022-03-03,木,1,1,1,8,0,9,8,9,0,1,1,1,1,1,1,8,9,2,1,1,1,8,9,2,8,9,10,1,1,1,1,1,1,1,1,9,10,8,10,1,1,1,8,10,9,9
2022-03-04,金,9,8,0,1,1,1,1,1,1,9,8,0,8,9,2,1,1,1,8,9,2,1,1,1,1,1,1,9,10,8,9,8,10,8,9,1,1,1,1,10,8,9,1,1,1,1
2022-03-05,土,,,,,,,,,,,,,,,,,,,,,,,,,,,,,,,,,,,,,,,,,,,,,,
2022-03-06,日,,,,,,,,,,,,,,,,,,,,,,,,,,,,,,,,,,,,,,,,,,,,,,
2022-03-07,月,1,1,1,10,9,8,10,8,9,1,1,1,1,1,1,10,8,9,1,1,1,10,8,9,9,0,8,1,1,1,1,1,1,1,1,2,9,9,8,1,1,1,9,8,2,8
2022-03-08,火,8,10,9,1,1,1,1,1,1,10,9,8,9,10,8,1,1,1,10,8,9,1,1,1,1,1,1,8,9,9,8,0,9,2,8,1,1,1,1,9,2,8,1,1,1,1
2022-03-09,水,10,9,8,9,8,10,9,10,8,8,10,9,10,8,9,9,10,8,9,10,8,9,10,8,0,8,9,0,8,0,0,9,8,9,2,8,8,2,9,8,9,2,2,9,8,2
2022-03-10,木,1,1,1,8,10,9,8,9,10,1,1,1,1,1,1,8,9,10,1,1,1,8,9,10,8,9,0,1,1,1,1,1,1,1,1,9,2,8,2,1,1,1,8,2,9,9
2022-03-11,金,9,8,10,1,1,1,1,1,1,9,8,10,8,9,10,1,1,1,8,9,10,1,1,1,1,1,1,9,0,8,9,8,2,8,9,1,1,1,1,2,8,9,1,1,1,1
2022-03-12,土,,,,,,,,,,,,,,,,,,,,,,,,,,,,,,,,,,,,,,,,,,,,,,
2022-03-13,日,,,,,,,,,,,,,,,,,,,,,,,,,,,,,,,,,,,,,,,,,,,,,,
2022-03-14,月,1,1,1,2,9,8,2,8,9,1,1,1,1,1,1,0,8,9,1,1,1,0,8,9,9,10,8,1,1,1,1,1,1,1,1,10,9,9,8,1,1,1,9,8,10,8
2022-03-15,火,8,2,9,1,1,1,1,1,1,2,9,8,9,0,8,1,1,1,0,8,9,1,1,1,1,1,1,8,9,9,8,10,9,10,8,1,1,1,1,9,10,8,1,1,1,1
2022-03-16,水,2,9,8,9,8,2,9,2,8,8,2,9,0,8,9,9,0,8,9,0,8,9,0,8,10,8,9,10,8,10,10,9,8,9,10,8,8,10,9,8,9,10,10,9,8,10
2022-03-17,木,1,1,1,8,2,9,8,9,2,1,1,1,1,1,1,8,9,0,1,1,1,8,9,0,8,9,10,1,1,1,1,1,1,1,1,9,10,8,10,1,1,1,8,10,9,9
2022-03-18,金,9,8,2,1,1,1,1,1,1,9,8,2,8,9,0,1,1,1,8,9,0,1,1,1,1,1,1,9,10,8,9,8,10,8,9,1,1,1,1,10,8,9,1,1,1,1
2022-03-19,土,,,,,,,,,,,,,,,,,,,,,,,,,,,,,,,,,,,,,,,,,,,,,,
2022-03-20,日,,,,,,,,,,,,,,,,,,,,,,,,,,,,,,,,,,,,,,,,,,,,,,
2022-03-21,月,1,1,1,10,9,8,10,8,9,1,1,1,1,1,1,10,8,9,1,1,1,10,8,9,9,2,8,1,1,1,1,1,1,1,1,0,9,9,8,1,1,1,9,8,0,8
2022-03-22,火,8,10,9,1,1,1,1,1,1,10,9,8,9,10,8,1,1,1,10,8,9,1,1,1,1,1,1,8,9,9,8,2,9,0,8,1,1,1,1,9,0,8,1,1,1,1
2022-03-23,水,10,9,8,9,8,10,9,10,8,8,10,9,10,8,9,9,10,8,9,10,8,9,10,8,2,8,9,2,8,2,2,9,8,9,0,8,8,0,9,8,9,0,0,9,8,0
2022-03-24,木,1,1,1,8,10,9,8,9,10,1,1,1,1,1,1,8,9,10,1,1,1,8,9,10,8,9,2,1,1,1,1,1,1,1,1,9,0,8,0,1,1,1,8,0,9,9
2022-03-25,金,9,8,10,1,1,1,1,1,1,9,8,10,8,9,10,1,1,1,8,9,10,1,1,1,1,1,1,9,2,8,9,8,0,8,9,1,1,1,1,0,8,9,1,1,1,1
2022-03-26,土,,,,,,,,,,,,,,,,,,,,,,,,,,,,,,,,,,,,,,,,,,,,,,
2022-03-27,日,,,,,,,,,,,,,,,,,,,,,,,,,,,,,,,,,,,,,,,,,,,,,,
2022-03-28,月,1,1,1,0,9,8,0,8,9,1,1,1,1,1,1,2,8,9,1,1,1,2,8,9,9,10,8,1,1,1,1,1,1,1,1,10,9,9,8,1,1,1,9,8,10,8
2022-03-29,火,8,0,9,1,1,1,1,1,1,0,9,8,9,2,8,1,1,1,2,8,9,1,1,1,1,1,1,8,9,9,8,10,9,10,8,1,1,1,1,9,10,8,1,1,1,1
2022-03-30,水,0,9,8,9,8,0,9,0,8,8,0,9,2,8,9,9,2,8,9,2,8,9,2,8,10,8,9,10,8,10,10,9,8,9,10,8,8,10,9,8,9,10,10,9,8,10
2022-03-31,木,1,1,1,8,0,9,8,9,0,1,1,1,1,1,1,8,9,2,1,1,1,8,9,2,8,9,10,1,1,1,1,1,1,1,1,9,10,8,10,1,1,1,8,10,9,9
2022-04-01,金,9,8,0,1,1,1,1,1,1,9,8,0,8,9,2,1,1,1,8,9,2,1,1,1,1,1,1,9,10,8,9,8,10,8,9,1,1,1,1,10,8,9,1,1,1,1
2022-04-02,土,,,,,,,,,,,,,,,,,,,,,,,,,,,,,,,,,,,,,,,,,,,,,,
2022-04-03,日,,,,,,,,,,,,,,,,,,,,,,,,,,,,,,,,,,,,,,,,,,,,,,
2022-04-04,月,1,1,1,10,9,8,10,8,9,1,1,1,1,1,1,10,8,9,1,1,1,10,8,9,9,0,8,1,1,1,1,1,1,1,1,2,9,9,8,1,1,1,9,8,2,8
2022-04-05,火,8,10,9,1,1,1,1,1,1,10,9,8,9,10,8,1,1,1,10,8,9,1,1,1,1,1,1,8,9,9,8,0,9,2,8,1,1,1,1,9,2,8,1,1,1,1
2022-04-06,水,10,9,8,9,8,10,9,10,8,8,10,9,10,8,9,9,10,8,9,10,8,9,10,8,0,8,9,0,8,0,0,9,8,9,2,8,8,2,9,8,9,2,2,9,8,2
2022-04-07,木,1,1,1,8,10,9,8,9,10,1,1,1,1,1,1,8,9,10,1,1,1,8,9,10,8,9,0,1,1,1,1,1,1,1,1,9,2,8,2,1,1,1,8,2,9,9
2022-04-08,金,9,8,10,1,1,1,1,1,1,9,8,10,8,9,10,1,1,1,8,9,10,1,1,1,1,1,1,9,0,8,9,8,2,8,9,1,1,1,1,2,8,9,1,1,1,1
2022-04-09,土,,,,,,,,,,,,,,,,,,,,,,,,,,,,,,,,,,,,,,,,,,,,,,
2022-04-10,日,,,,,,,,,,,,,,,,,,,,,,,,,,,,,,,,,,,,,,,,,,,,,,
2022-04-11,月,1,1,1,2,9,8,2,8,9,1,1,1,1,1,1,0,8,9,1,1,1,0,8,9,9,10,8,1,1,1,1,1,1,1,1,10,9,9,8,1,1,1,9,8,10,8
2022-04-12,火,8,2,9,1,1,1,1,1,1,2,9,8,9,0,8,1,1,1,0,8,9,1,1,1,1,1,1,8,9,9,8,10,9,10,8,1,1,1,1,9,10,8,1,1,1,1
2022-04-13,水,2,9,8,9,8,2,9,2,8,8,2,9,0,8,9,9,0,8,9,0,8,9,0,8,10,8,9,10,8,10,10,9,8,9,10,8,8,10,9,8,9,10,10,9,8,10
2022-04-14,木,1,1,1,8,2,9,8,9,2,1,1,1,1,1,1,8,9,0,1,1,1,8,9,0,8,9,10,1,1,1,1,1,1,1,1,9,10,8,10,1,1,1,8,10,9,9
2022-04-15,金,9,8,2,1,1,1,1,1,1,9,8,2,8,9,0,1,1,1,8,9,0,1,1,1,1,1,1,9,10,8,9,8,10,8,9,1,1,1,1,10,8,9,1,1,1,1
2022-04-16,土,,,,,,,,,,,,,,,,,,,,,,,,,,,,,,,,,,,,,,,,,,,,,,
2022-04-17,日,,,,,,,,,,,,,,,,,,,,,,,,,,,,,,,,,,,,,,,,,,,,,,
2022-04-18,月,1,1,1,10,9,8,10,8,9,1,1,1,1,1,1,10,8,9,1,1,1,10,8,9,9,2,8,1,1,1,1,1,1,1,1,0,9,9,8,1,1,1,9,8,0,8
2022-04-19,火,8,10,9,1,1,1,1,1,1,10,9,8,9,10,8,1,1,1,10,8,9,1,1,1,1,1,1,8,9,9,8,2,9,0,8,1,1,1,1,9,0,8,1,1,1,1
2022-04-20,水,10,9,8,9,8,10,9,10,8,8,10,9,10,8,9,9,10,8,9,10,8,9,10,8,2,8,9,2,8,2,2,9,8,9,0,8,8,0,9,8,9,0,0,9,8,0
2022-04-21,木,1,1,1,8,10,9,8,9,10,1,1,1,1,1,1,8,9,10,1,1,1,8,9,10,8,9,2,1,1,1,1,1,1,1,1,9,0,8,0,1,1,1,8,0,9,9
2022-04-22,金,9,8,10,1,1,1,1,1,1,9,8,10,8,9,10,1,1,1,8,9,10,1,1,1,1,1,1,9,2,8,9,8,0,8,9,1,1,1,1,0,8,9,1,1,1,1
2022-04-23,土,,,,,,,,,,,,,,,,,,,,,,,,,,,,,,,,,,,,,,,,,,,,,,
2022-04-24,日,,,,,,,,,,,,,,,,,,,,,,,,,,,,,,,,,,,,,,,,,,,,,,
2022-04-25,月,1,1,1,0,9,8,0,8,9,1,1,1,1,1,1,2,8,9,1,1,1,2,8,9,9,10,8,1,1,1,1,1,1,1,1,10,9,9,8,1,1,1,9,8,10,8
2022-04-26,火,8,0,9,1,1,1,1,1,1,0,9,8,9,2,8,1,1,1,2,8,9,1,1,1,1,1,1,8,9,9,8,10,9,10,8,1,1,1,1,9,10,8,1,1,1,1
2022-04-27,水,0,9,8,9,8,0,9,0,8,8,0,9,2,8,9,9,2,8,9,2,8,9,2,8,10,8,9,10,8,10,10,9,8,9,10,8,8,10,9,8,9,10,10,9,8,10
2022-04-28,木,1,1,1,8,0,9,8,9,0,1,1,1,1,1,1,8,9,2,1,1,1,8,9,2,8,9,10,1,1,1,1,1,1,1,1,9,10,8,10,1,1,1,8,10,9,9
2022-04-29,金,9,8,0,1,1,1,1,1,1,9,8,0,8,9,2,1,1,1,8,9,2,1,1,1,1,1,1,9,10,8,9,8,10,8,9,1,1,1,1,10,8,9,1,1,1,1
2022-04-30,土,,,,,,,,,,,,,,,,,,,,,,,,,,,,,,,,,,,,,,,,,,,,,,
2022-05-01,日,,,,,,,,,,,,,,,,,,,,,,,,,,,,,,,,,,,,,,,,,,,,,,
2022-05-02,月,1,1,1,10,9,8,10,8,9,1,1,1,1,1,1,10,8,9,1,1,1,10,8,9,9,11,8,1,1,1,1,1,1,1,1,2,9,9,8,1,1,1,9,8,2,8
2022-05-03,火,8,10,9,1,1,1,1,1,1,10,9,8,9,10,8,1,1,1,10,8,9,1,1,1,1,1,1,8,9,9,8,11,9,2,8,1,1,1,1,9,2,8,1,1,1,1
2022-05-04,水,10,9,8,9,8,10,9,10,8,8,10,9,10,8,9,9,10,8,9,10,8,9,10,8,11,8,9,11,8,11,11,9,8,9,2,8,8,2,9,8,9,2,2,9,8,2
2022-05-05,木,1,1,1,8,10,9,8,9,10,1,1,1,1,1,1,8,9,10,1,1,1,8,9,10,8,9,11,1,1,1,1,1,1,1,1,9,2,8,2,1,1,1,8,2,9,9
2022-05-06,金,9,8,10,1,1,1,1,1,1,9,8,10,8,9,10,1,1,1,8,9,10,1,1,1,1,1,1,9,11,8,9,8,2,8,9,1,1,1,1,2,8,9,1,1,1,1
2022-05-07,土,,,,,,,,,,,,,,,,,,,,,,,,,,,,,,,,,,,,,,,,,,,,,,
2022-05-08,日,,,,,,,,,,,,,,,,,,,,,,,,,,,,,,,,,,,,,,,,,,,,,,
2022-05-09,月,1,1,1,2,9,8,2,8,9,1,1,1,1,1,1,11,8,9,1,1,1,11,8,9,9,10,8,1,1,1,1,1,1,1,1,10,9,9,8,1,1,1,9,8,10,8
2022-05-10,火,8,2,9,1,1,1,1,1,1,2,9,8,9,11,8,1,1,1,11,8,9,1,1,1,1,1,1,8,9,9,8,10,9,10,8,1,1,1,1,9,10,8,1,1,1,1
2022-05-11,水,2,9,8,9,8,2,9,2,8,8,2,9,11,8,9,9,11,8,9,11,8,9,11,8,10,8,9,10,8,10,10,9,8,9,10,8,8,10,9,8,9,10,10,9,8,10
2022-05-12,木,1,1,1,8,2,9,8,9,2,1,1,1,1,1,1,8,9,11,1,1,1,8,9,11,8,9,10,1,1,1,1,1,1,1,1,9,10,8,10,1,1,1,8,10,9,9
2022-05-13,金,9,8,2,1,1,1,1,1,1,9,8,2,8,9,11,1,1,1,8,9,11,1,1,1,1,1,1,9,10,8,9,8,10,8,9,1,1,1,1,10,8,9,1,1,1,1
2022-05-14,土,,,,,,,,,,,,,,,,,,,,,,,,,,,,,,,,,,,,,,,,,,,,,,
2022-05-15,日,,,,,,,,,,,,,,,,,,,,,,,,,,,,,,,,,,,,,,,,,,,,,,
2022-05-16,月,1,1,1,10,9,8,10,8,9,1,1,1,1,1,1,10,8,9,1,1,1,10,8,9,9,2,8,1,1,1,1,1,1,1,1,11,9,9,8,1,1,1,9,8,11,8
2022-05-17,火,8,10,9,1,1,1,1,1,1,10,9,8,9,10,8,1,1,1,10,8,9,1,1,1,1,1,1,8,9,9,8,2,9,11,8,1,1,1,1,9,11,8,1,1,1,1
2022-05-18,水,10,9,8,9,8,10,9,10,8,8,10,9,10,8,9,9,10,8,9,10,8,9,10,8,2,8,9,2,8,2,2,9,8,9,11,8,8,11,9,8,9,11,11,9,8,11
2022-05-19,木,1,1,1,8,10,9,8,9,10,1,1,1,1,1,1,8,9,10,1,1,1,8,9,10,8,9,2,1,1,1,1,1,1,1,1,9,11,8,11,1,1,1,8,11,9,9
2022-05-20,金,9,8,10,1,1,1,1,1,1,9,8,10,8,9,10,1,1,1,8,9,10,1,1,1,1,1,1,9,2,8,9,8,11,8,9,1,1,1,1,11,8,9,1,1,1,1
2022-05-21,土,,,,,,,,,,,,,,,,,,,,,,,,,,,,,,,,,,,,,,,,,,,,,,
2022-05-22,日,,,,,,,,,,,,,,,,,,,,,,,,,,,,,,,,,,,,,,,,,,,,,,
2022-05-23,月,1,1,1,11,9,8,11,8,9,1,1,1,1,1,1,2,8,9,1,1,1,2,8,9,9,10,8,1,1,1,1,1,1,1,1,10,9,9,8,1,1,1,9,8,10,8
2022-05-24,火,8,11,9,1,1,1,1,1,1,11,9,8,9,2,8,1,1,1,2,8,9,1,1,1,1,1,1,8,9,9,8,10,9,10,8,1,1,1,1,9,10,8,1,1,1,1
2022-05-25,水,11,9,8,9,8,11,9,11,8,8,11,9,2,8,9,9,2,8,9,2,8,9,2,8,10,8,9,10,8,10,10,9,8,9,10,8,8,10,9,8,9,10,10,9,8,10
2022-05-26,木,1,1,1,8,11,9,8,9,11,1,1,1,1,1,1,8,9,2,1,1,1,8,9,2,8,9,10,1,1,1,1,1,1,1,1,9,10,8,10,1,1,1,8,10,9,9
2022-05-27,金,9,8,11,1,1,1,1,1,1,9,8,11,8,9,2,1,1,1,8,9,2,1,1,1,1,1,1,9,10,8,9,8,10,8,9,1,1,1,1,10,8,9,1,1,1,1
2022-05-28,土,,,,,,,,,,,,,,,,,,,,,,,,,,,,,,,,,,,,,,,,,,,,,,
2022-05-29,日,,,,,,,,,,,,,,,,,,,,,,,,,,,,,,,,,,,,,,,,,,,,,,
2022-05-30,月,1,1,1,10,9,8,10,8,9,1,1,1,1,1,1,10,8,9,1,1,1,10,8,9,9,11,8,1,1,1,1,1,1,1,1,2,9,9,8,1,1,1,9,8,2,8
2022-05-31,火,8,10,9,1,1,1,1,1,1,10,9,8,9,10,8,1,1,1,10,8,9,1,1,1,1,1,1,8,9,9,8,11,9,2,8,1,1,1,1,9,2,8,1,1,1,1
2022-06-01,水,10,9,8,9,8,10,9,10,8,8,10,9,10,8,9,9,10,8,9,10,8,9,10,8,11,8,9,11,8,11,11,9,8,9,2,8,8,2,9,8,9,2,2,9,8,2
2022-06-02,木,1,1,1,8,10,9,8,9,10,1,1,1,1,1,1,8,9,10,1,1,1,8,9,10,8,9,11,1,1,1,1,1,1,1,1,9,2,8,2,1,1,1,8,2,9,9
2022-06-03,金,9,8,10,1,1,1,1,1,1,9,8,10,8,9,10,1,1,1,8,9,10,1,1,1,1,1,1,9,11,8,9,8,2,8,9,1,1,1,1,2,8,9,1,1,1,1
2022-06-04,土,,,,,,,,,,,,,,,,,,,,,,,,,,,,,,,,,,,,,,,,,,,,,,
2022-06-05,日,,,,,,,,,,,,,,,,,,,,,,,,,,,,,,,,,,,,,,,,,,,,,,
2022-06-06,月,1,1,1,2,9,8,2,8,9,1,1,1,1,1,1,11,8,9,1,1,1,11,8,9,9,10,8,1,1,1,1,1,1,1,1,10,9,9,8,1,1,1,9,8,10,8
2022-06-07,火,8,2,9,1,1,1,1,1,1,2,9,8,9,11,8,1,1,1,11,8,9,1,1,1,1,1,1,8,9,9,8,10,9,10,8,1,1,1,1,9,10,8,1,1,1,1
2022-06-08,水,2,9,8,9,8,2,9,2,8,8,2,9,11,8,9,9,11,8,9,11,8,9,11,8,10,8,9,10,8,10,10,9,8,9,10,8,8,10,9,8,9,10,10,9,8,10
2022-06-09,木,1,1,1,8,2,9,8,9,2,1,1,1,1,1,1,8,9,11,1,1,1,8,9,11,8,9,10,1,1,1,1,1,1,1,1,9,10,8,10,1,1,1,8,10,9,9
2022-06-10,金,9,8,2,1,1,1,1,1,1,9,8,2,8,9,11,1,1,1,8,9,11,1,1,1,1,1,1,9,10,8,9,8,10,8,9,1,1,1,1,10,8,9,1,1,1,1
2022-06-11,土,,,,,,,,,,,,,,,,,,,,,,,,,,,,,,,,,,,,,,,,,,,,,,
2022-06-12,日,,,,,,,,,,,,,,,,,,,,,,,,,,,,,,,,,,,,,,,,,,,,,,
2022-06-13,月,1,1,1,10,9,8,10,8,9,1,1,1,1,1,1,10,8,9,1,1,1,10,8,9,9,2,8,1,1,1,1,1,1,1,1,11,9,9,8,1,1,1,9,8,11,8
2022-06-14,火,8,10,9,1,1,1,1,1,1,10,9,8,9,10,8,1,1,1,10,8,9,1,1,1,1,1,1,8,9,9,8,2,9,11,8,1,1,1,1,9,11,8,1,1,1,1
2022-06-15,水,10,9,8,9,8,10,9,10,8,8,10,9,10,8,9,9,10,8,9,10,8,9,10,8,2,8,9,2,8,2,2,9,8,9,11,8,8,11,9,8,9,11,11,9,8,11
2022-06-16,木,1,1,1,8,10,9,8,9,10,1,1,1,1,1,1,8,9,10,1,1,1,8,9,10,8,9,2,1,1,1,1,1,1,1,1,9,11,8,11,1,1,1,8,11,9,9
2022-06-17,金,9,8,10,1,1,1,1,1,1,9,8,10,8,9,10,1,1,1,8,9,10,1,1,1,1,1,1,9,2,8,9,8,11,8,9,1,1,1,1,11,8,9,1,1,1,1
2022-06-18,土,,,,,,,,,,,,,,,,,,,,,,,,,,,,,,,,,,,,,,,,,,,,,,
2022-06-19,日,,,,,,,,,,,,,,,,,,,,,,,,,,,,,,,,,,,,,,,,,,,,,,
2022-06-20,月,1,1,1,11,9,8,11,8,9,1,1,1,1,1,1,2,8,9,1,1,1,2,8,9,9,10,8,1,1,1,1,1,1,1,1,10,9,9,8,1,1,1,9,8,10,8
2022-06-21,火,8,11,9,1,1,1,1,1,1,11,9,8,9,2,8,1,1,1,2,8,9,1,1,1,1,1,1,8,9,9,8,10,9,10,8,1,1,1,1,9,10,8,1,1,1,1
2022-06-22,水,11,9,8,9,8,11,9,11,8,8,11,9,2,8,9,9,2,8,9,2,8,9,2,8,10,8,9,10,8,10,10,9,8,9,10,8,8,10,9,8,9,10,10,9,8,10
2022-06-23,木,1,1,1,8,11,9,8,9,11,1,1,1,1,1,1,8,9,2,1,1,1,8,9,2,8,9,10,1,1,1,1,1,1,1,1,9,10,8,10,1,1,1,8,10,9,9
2022-06-24,金,9,8,11,1,1,1,1,1,1,9,8,11,8,9,2,1,1,1,8,9,2,1,1,1,1,1,1,9,10,8,9,8,10,8,9,1,1,1,1,10,8,9,1,1,1,1
2022-06-25,土,,,,,,,,,,,,,,,,,,,,,,,,,,,,,,,,,,,,,,,,,,,,,,
2022-06-26,日,,,,,,,,,,,,,,,,,,,,,,,,,,,,,,,,,,,,,,,,,,,,,,
2022-06-27,月,1,1,1,10,9,8,10,8,9,1,1,1,1,1,1,10,8,9,1,1,1,10,8,9,9,11,8,1,1,1,1,1,1,1,1,2,9,9,8,1,1,1,9,8,2,8
2022-06-28,火,8,10,9,1,1,1,1,1,1,10,9,8,9,10,8,1,1,1,10,8,9,1,1,1,1,1,1,8,9,9,8,11,9,2,8,1,1,1,1,9,2,8,1,1,1,1
2022-06-29,水,10,9,8,9,8,10,9,10,8,8,10,9,10,8,9,9,10,8,9,10,8,9,10,8,11,8,9,11,8,11,11,9,8,9,2,8,8,2,9,8,9,2,2,9,8,2
2022-06-30,木,1,1,1,8,10,9,8,9,10,1,1,1,1,1,1,8,9,10,1,1,1,8,9,10,8,9,11,1,1,1,1,1,1,1,1,9,2,8,2,1,1,1,8,2,9,9
2022-07-01,金,9,8,10,1,1,1,1,1,1,9,8,10,8,9,10,1,1,1,8,9,10,1,1,1,1,1,1,9,11,8,9,8,2,8,9,1,1,1,1,2,8,9,1,1,1,1
2022-07-02,土,,,,,,,,,,,,,,,,,,,,,,,,,,,,,,,,,,,,,,,,,,,,,,
2022-07-03,日,,,,,,,,,,,,,,,,,,,,,,,,,,,,,,,,,,,,,,,,,,,,,,
2022-07-04,月,1,1,1,2,9,8,2,8,9,1,1,1,1,1,1,11,8,9,1,1,1,11,8,9,9,10,8,1,1,1,1,1,1,1,1,10,9,9,8,1,1,1,9,8,10,8
2022-07-05,火,8,2,9,1,1,1,1,1,1,2,9,8,9,11,8,1,1,1,11,8,9,1,1,1,1,1,1,8,9,9,8,10,9,10,8,1,1,1,1,9,10,8,1,1,1,1
2022-07-06,水,2,9,8,9,8,2,9,2,8,8,2,9,11,8,9,9,11,8,9,11,8,9,11,8,10,8,9,10,8,10,10,9,8,9,10,8,8,10,9,8,9,10,10,9,8,10
2022-07-07,木,1,1,1,8,2,9,8,9,2,1,1,1,1,1,1,8,9,11,1,1,1,8,9,11,8,9,10,1,1,1,1,1,1,1,1,9,10,8,10,1,1,1,8,10,9,9
2022-07-08,金,9,8,2,1,1,1,1,1,1,9,8,2,8,9,11,1,1,1,8,9,11,1,1,1,1,1,1,9,10,8,9,8,10,8,9,1,1,1,1,10,8,9,1,1,1,1
2022-07-09,土,,,,,,,,,,,,,,,,,,,,,,,,,,,,,,,,,,,,,,,,,,,,,,
2022-07-10,日,,,,,,,,,,,,,,,,,,,,,,,,,,,,,,,,,,,,,,,,,,,,,,
2022-07-11,月,1,1,1,10,9,8,10,8,9,1,1,1,1,1,1,10,8,9,1,1,1,10,8,9,9,2,8,1,1,1,1,1,1,1,1,11,9,9,8,1,1,1,9,8,11,8
2022-07-12,火,8,10,9,1,1,1,1,1,1,10,9,8,9,10,8,1,1,1,10,8,9,1,1,1,1,1,1,8,9,9,8,2,9,11,8,1,1,1,1,9,11,8,1,1,1,1
2022-07-13,水,10,9,8,9,8,10,9,10,8,8,10,9,10,8,9,9,10,8,9,10,8,9,10,8,2,8,9,2,8,2,2,9,8,9,11,8,8,11,9,8,9,11,11,9,8,11
2022-07-14,木,1,1,1,8,10,9,8,9,10,1,1,1,1,1,1,8,9,10,1,1,1,8,9,10,8,9,2,1,1,1,1,1,1,1,1,9,11,8,11,1,1,1,8,11,9,9
2022-07-15,金,9,8,10,1,1,1,1,1,1,9,8,10,8,9,10,1,1,1,8,9,10,1,1,1,1,1,1,9,2,8,9,8,11,8,9,1,1,1,1,11,8,9,1,1,1,1
2022-07-16,土,,,,,,,,,,,,,,,,,,,,,,,,,,,,,,,,,,,,,,,,,,,,,,
2022-07-17,日,,,,,,,,,,,,,,,,,,,,,,,,,,,,,,,,,,,,,,,,,,,,,,
2022-07-18,月,1,1,1,11,9,8,11,8,9,1,1,1,1,1,1,2,8,9,1,1,1,2,8,9,9,10,8,1,1,1,1,1,1,1,1,10,9,9,8,1,1,1,9,8,10,8
2022-07-19,火,8,11,9,1,1,1,1,1,1,11,9,8,9,2,8,1,1,1,2,8,9,1,1,1,1,1,1,8,9,9,8,10,9,10,8,1,1,1,1,9,10,8,1,1,1,1
2022-07-20,水,11,9,8,9,8,11,9,11,8,8,11,9,2,8,9,9,2,8,9,2,8,9,2,8,10,8,9,10,8,10,10,9,8,9,10,8,8,10,9,8,9,10,10,9,8,10
2022-07-21,木,1,1,1,8,11,9,8,9,11,1,1,1,1,1,1,8,9,2,1,1,1,8,9,2,8,9,10,1,1,1,1,1,1,1,1,9,10,8,10,1,1,1,8,10,9,9
2022-07-22,金,9,8,11,1,1,1,1,1,1,9,8,11,8,9,2,1,1,1,8,9,2,1,1,1,1,1,1,9,10,8,9,8,10,8,9,1,1,1,1,10,8,9,1,1,1,1
2022-07-23,土,,,,,,,,,,,,,,,,,,,,,,,,,,,,,,,,,,,,,,,,,,,,,,
2022-07-24,日,,,,,,,,,,,,,,,,,,,,,,,,,,,,,,,,,,,,,,,,,,,,,,
2022-07-25,月,1,1,1,10,9,8,10,8,9,1,1,1,1,1,1,10,8,9,1,1,1,10,8,9,9,11,8,1,1,1,1,1,1,1,1,2,9,9,8,1,1,1,9,8,2,8
2022-07-26,火,8,10,9,1,1,1,1,1,1,10,9,8,9,10,8,1,1,1,10,8,9,1,1,1,1,1,1,8,9,9,8,11,9,2,8,1,1,1,1,9,2,8,1,1,1,1
2022-07-27,水,10,9,8,9,8,10,9,10,8,8,10,9,10,8,9,9,10,8,9,10,8,9,10,8,11,8,9,11,8,11,11,9,8,9,2,8,8,2,9,8,9,2,2,9,8,2
2022-07-28,木,1,1,1,8,10,9,8,9,10,1,1,1,1,1,1,8,9,10,1,1,1,8,9,10,8,9,11,1,1,1,1,1,1,1,1,9,2,8,2,1,1,1,8,2,9,9
2022-07-29,金,9,8,10,1,1,1,1,1,1,9,8,10,8,9,10,1,1,1,8,9,10,1,1,1,1,1,1,9,11,8,9,8,2,8,9,1,1,1,1,2,8,9,1,1,1,1
2022-07-30,土,,,,,,,,,,,,,,,,,,,,,,,,,,,,,,,,,,,,,,,,,,,,,,
2022-07-31,日,,,,,,,,,,,,,,,,,,,,,,,,,,,,,,,,,,,,,,,,,,,,,,
2022-08-01,月,1,1,1,2,9,8,2,8,9,1,1,1,1,1,1,11,8,9,1,1,1,11,8,9,9,10,8,1,1,1,1,1,1,1,1,10,9,9,8,1,1,1,9,8,10,8
2022-08-02,火,8,2,9,1,1,1,1,1,1,2,9,8,9,11,8,1,1,1,11,8,9,1,1,1,1,1,1,8,9,9,8,10,9,10,8,1,1,1,1,9,10,8,1,1,1,1
2022-08-03,水,2,9,8,9,8,2,9,2,8,8,2,9,11,8,9,9,11,8,9,11,8,9,11,8,10,8,9,10,8,10,10,9,8,9,10,8,8,10,9,8,9,10,10,9,8,10
2022-08-04,木,1,1,1,8,2,9,8,9,2,1,1,1,1,1,1,8,9,11,1,1,1,8,9,11,8,9,10,1,1,1,1,1,1,1,1,9,10,8,10,1,1,1,8,10,9,9
2022-08-05,金,9,8,2,1,1,1,1,1,1,9,8,2,8,9,11,1,1,1,8,9,11,1,1,1,1,1,1,9,10,8,9,8,10,8,9,1,1,1,1,10,8,9,1,1,1,1
2022-08-06,土,,,,,,,,,,,,,,,,,,,,,,,,,,,,,,,,,,,,,,,,,,,,,,
2022-08-07,日,,,,,,,,,,,,,,,,,,,,,,,,,,,,,,,,,,,,,,,,,,,,,,
2022-08-08,月,1,1,1,10,9,8,10,8,9,1,1,1,1,1,1,10,8,9,1,1,1,10,8,9,9,2,8,1,1,1,1,1,1,1,1,11,9,9,8,1,1,1,9,8,11,8
2022-08-09,火,8,10,9,1,1,1,1,1,1,10,9,8,9,10,8,1,1,1,10,8,9,1,1,1,1,1,1,8,9,9,8,2,9,11,8,1,1,1,1,9,11,8,1,1,1,1
2022-08-10,水,10,9,8,9,8,10,9,10,8,8,10,9,10,8,9,9,10,8,9,10,8,9,10,8,2,8,9,2,8,2,2,9,8,9,11,8,8,11,9,8,9,11,11,9,8,11
2022-08-11,木,1,1,1,8,10,9,8,9,10,1,1,1,1,1,1,8,9,10,1,1,1,8,9,10,8,9,2,1,1,1,1,1,1,1,1,9,11,8,11,1,1,1,8,11,9,9
2022-08-12,金,9,8,10,1,1,1,1,1,1,9,8,10,8,9,10,1,1,1,8,9,10,1,1,1,1,1,1,9,2,8,9,8,11,8,9,1,1,1,1,11,8,9,1,1,1,1
2022-08-13,土,,,,,,,,,,,,,,,,,,,,,,,,,,,,,,,,,,,,,,,,,,,,,,
2022-08-14,日,,,,,,,,,,,,,,,,,,,,,,,,,,,,,,,,,,,,,,,,,,,,,,
2022-08-15,月,1,1,1,11,9,8,11,8,9,1,1,1,1,1,1,2,8,9,1,1,1,2,8,9,9,10,8,1,1,1,1,1,1,1,1,10,9,9,8,1,1,1,9,8,10,8
2022-08-16,火,8,11,9,1,1,1,1,1,1,11,9,8,9,2,8,1,1,1,2,8,9,1,1,1,1,1,1,8,9,9,8,10,9,10,8,1,1,1,1,9,10,8,1,1,1,1
2022-08-17,水,11,9,8,9,8,11,9,11,8,8,11,9,2,8,9,9,2,8,9,2,8,9,2,8,10,8,9,10,8,10,10,9,8,9,10,8,8,10,9,8,9,10,10,9,8,10
2022-08-18,木,1,1,1,8,11,9,8,9,11,1,1,1,1,1,1,8,9,2,1,1,1,8,9,2,8,9,10,1,1,1,1,1,1,1,1,9,10,8,10,1,1,1,8,10,9,9
2022-08-19,金,9,8,11,1,1,1,1,1,1,9,8,11,8,9,2,1,1,1,8,9,2,1,1,1,1,1,1,9,10,8,9,8,10,8,9,1,1,1,1,10,8,9,1,1,1,1
2022-08-20,土,,,,,,,,,,,,,,,,,,,,,,,,,,,,,,,,,,,,,,,,,,,,,,
2022-08-21,日,,,,,,,,,,,,,,,,,,,,,,,,,,,,,,,,,,,,,,,,,,,,,,
2022-08-22,月,1,1,1,10,9,8,10,8,9,1,1,1,1,1,1,10,8,9,1,1,1,10,8,9,9,11,8,1,1,1,1,1,1,1,1,2,9,9,8,1,1,1,9,8,2,8
2022-08-23,火,8,10,9,1,1,1,1,1,1,10,9,8,9,10,8,1,1,1,10,8,9,1,1,1,1,1,1,8,9,9,8,11,9,2,8,1,1,1,1,9,2,8,1,1,1,1
2022-08-24,水,10,9,8,9,8,10,9,10,8,8,10,9,10,8,9,9,10,8,9,10,8,9,10,8,11,8,9,11,8,11,11,9,8,9,2,8,8,2,9,8,9,2,2,9,8,2
2022-08-25,木,1,1,1,8,10,9,8,9,10,1,1,1,1,1,1,8,9,10,1,1,1,8,9,10,8,9,11,1,1,1,1,1,1,1,1,9,2,8,2,1,1,1,8,2,9,9
2022-08-26,金,9,8,10,1,1,1,1,1,1,9,8,10,8,9,10,1,1,1,8,9,10,1,1,1,1,1,1,9,11,8,9,8,2,8,9,1,1,1,1,2,8,9,1,1,1,1
2022-08-27,土,,,,,,,,,,,,,,,,,,,,,,,,,,,,,,,,,,,,,,,,,,,,,,
2022-08-28,日,,,,,,,,,,,,,,,,,,,,,,,,,,,,,,,,,,,,,,,,,,,,,,
2022-08-29,月,1,1,1,2,9,8,2,8,9,1,1,1,1,1,1,11,8,9,1,1,1,11,8,9,9,10,8,1,1,1,1,1,1,1,1,10,9,9,8,1,1,1,9,8,10,8
2022-08-30,火,8,2,9,1,1,1,1,1,1,2,9,8,9,11,8,1,1,1,11,8,9,1,1,1,1,1,1,8,9,9,8,10,9,10,8,1,1,1,1,9,10,8,1,1,1,1
2022-08-31,水,2,9,8,9,8,2,9,2,8,8,2,9,11,8,9,9,11,8,9,11,8,9,11,8,10,8,9,10,8,10,10,9,8,9,10,8,8,10,9,8,9,10,10,9,8,10
2022-09-01,木,1,1,1,8,2,9,8,9,2,1,1,1,1,1,1,8,9,11,1,1,1,8,9,11,8,9,10,1,1,1,1,1,1,1,1,9,10,8,10,1,1,1,8,10,9,9
2022-09-02,金,9,8,2,1,1,1,1,1,1,9,8,2,8,9,11,1,1,1,8,9,11,1,1,1,1,1,1,9,10,8,9,8,10,8,9,1,1,1,1,10,8,9,1,1,1,1
2022-09-03,土,,,,,,,,,,,,,,,,,,,,,,,,,,,,,,,,,,,,,,,,,,,,,,
2022-09-04,日,,,,,,,,,,,,,,,,,,,,,,,,,,,,,,,,,,,,,,,,,,,,,,
2022-09-05,月,1,1,1,10,9,8,10,8,9,1,1,1,1,1,1,10,8,9,1,1,1,10,8,9,9,2,8,1,1,1,1,1,1,1,1,11,9,9,8,1,1,1,9,8,11,8
2022-09-06,火,8,10,9,1,1,1,1,1,1,10,9,8,9,10,8,1,1,1,10,8,9,1,1,1,1,1,1,8,9,9,8,2,9,11,8,1,1,1,1,9,11,8,1,1,1,1
2022-09-07,水,10,9,8,9,8,10,9,10,8,8,10,9,10,8,9,9,10,8,9,10,8,9,10,8,2,8,9,2,8,2,2,9,8,9,11,8,8,11,9,8,9,11,11,9,8,11
2022-09-08,木,1,1,1,8,10,9,8,9,10,1,1,1,1,1,1,8,9,10,1,1,1,8,9,10,8,9,2,1,1,1,1,1,1,1,1,9,11,8,11,1,1,1,8,11,9,9
2022-09-09,金,9,8,10,1,1,1,1,1,1,9,8,10,8,9,10,1,1,1,8,9,10,1,1,1,1,1,1,9,2,8,9,8,11,8,9,1,1,1,1,11,8,9,1,1,1,1
2022-09-10,土,,,,,,,,,,,,,,,,,,,,,,,,,,,,,,,,,,,,,,,,,,,,,,
2022-09-11,日,,,,,,,,,,,,,,,,,,,,,,,,,,,,,,,,,,,,,,,,,,,,,,
2022-09-12,月,1,1,1,11,9,8,11,8,9,1,1,1,1,1,1,2,8,9,1,1,1,2,8,9,9,10,8,1,1,1,1,1,1,1,1,10,9,9,8,1,1,1,9,8,10,8
2022-09-13,火,8,11,9,1,1,1,1,1,1,11,9,8,9,2,8,1,1,1,2,8,9,1,1,1,1,1,1,8,9,9,8,10,9,10,8,1,1,1,1,9,10,8,1,1,1,1
2022-09-14,水,11,9,8,9,8,11,9,11,8,8,11,9,2,8,9,9,2,8,9,2,8,9,2,8,10,8,9,10,8,10,10,9,8,9,10,8,8,10,9,8,9,10,10,9,8,10
2022-09-15,木,1,1,1,8,11,9,8,9,11,1,1,1,1,1,1,8,9,2,1,1,1,8,9,2,8,9,10,1,1,1,1,1,1,1,1,9,10,8,10,1,1,1,8,10,9,9
2022-09-16,金,9,8,11,1,1,1,1,1,1,9,8,11,8,9,2,1,1,1,8,9,2,1,1,1,1,1,1,9,10,8,9,8,10,8,9,1,1,1,1,10,8,9,1,1,1,1
2022-09-17,土,,,,,,,,,,,,,,,,,,,,,,,,,,,,,,,,,,,,,,,,,,,,,,
2022-09-18,日,,,,,,,,,,,,,,,,,,,,,,,,,,,,,,,,,,,,,,,,,,,,,,
2022-09-19,月,1,1,1,10,9,8,10,8,9,1,1,1,1,1,1,10,8,9,1,1,1,10,8,9,9,11,8,1,1,1,1,1,1,1,1,2,9,9,8,1,1,1,9,8,2,8
2022-09-20,火,8,10,9,1,1,1,1,1,1,10,9,8,9,10,8,1,1,1,10,8,9,1,1,1,1,1,1,8,9,9,8,11,9,2,8,1,1,1,1,9,2,8,1,1,1,1
2022-09-21,水,10,9,8,9,8,10,9,10,8,8,10,9,10,8,9,9,10,8,9,10,8,9,10,8,11,8,9,11,8,11,11,9,8,9,2,8,8,2,9,8,9,2,2,9,8,2
2022-09-22,木,1,1,1,8,10,9,8,9,10,1,1,1,1,1,1,8,9,10,1,1,1,8,9,10,8,9,11,1,1,1,1,1,1,1,1,9,2,8,2,1,1,1,8,2,9,9
2022-09-23,金,9,8,10,1,1,1,1,1,1,9,8,10,8,9,10,1,1,1,8,9,10,1,1,1,1,1,1,9,11,8,9,8,2,8,9,1,1,1,1,2,8,9,1,1,1,1
2022-09-24,土,,,,,,,,,,,,,,,,,,,,,,,,,,,,,,,,,,,,,,,,,,,,,,
2022-09-25,日,,,,,,,,,,,,,,,,,,,,,,,,,,,,,,,,,,,,,,,,,,,,,,
2022-09-26,月,1,1,1,2,9,8,2,8,9,1,1,1,1,1,1,11,8,9,1,1,1,11,8,9,9,10,8,1,1,1,1,1,1,1,1,10,9,9,8,1,1,1,9,8,10,8
2022-09-27,火,8,2,9,1,1,1,1,1,1,2,9,8,9,11,8,1,1,1,11,8,9,1,1,1,1,1,1,8,9,9,8,10,9,10,8,1,1,1,1,9,10,8,1,1,1,1
2022-09-28,水,2,9,8,9,8,2,9,2,8,8,2,9,11,8,9,9,11,8,9,11,8,9,11,8,10,8,9,10,8,10,10,9,8,9,10,8,8,10,9,8,9,10,10,9,8,10
2022-09-29,木,1,1,1,8,2,9,8,9,2,1,1,1,1,1,1,8,9,11,1,1,1,8,9,11,8,9,10,1,1,1,1,1,1,1,1,9,10,8,10,1,1,1,8,10,9,9
2022-09-30,金,9,8,2,1,1,1,1,1,1,9,8,2,8,9,11,1,1,1,8,9,11,1,1,1,1,1,1,9,10,8,9,8,10,8,9,1,1,1,1,10,8,9,1,1,1,1
